{"chunk_definitions":[{"row":17,"row_count":1,"visible":true,"expansion_state":0,"options":{"engine":"r","label":"setup","include":false},"document_id":"6D6B1397","chunk_id":"csetup_chunk","chunk_label":"setup"},{"row":22,"row_count":1,"visible":true,"expansion_state":0,"options":{"engine":"r","label":"packages"},"document_id":"9F1607B6","chunk_id":"cidrhatayaoer","chunk_label":"packages"},{"row":37,"row_count":1,"visible":true,"expansion_state":0,"options":{"engine":"r","label":"functions"},"document_id":"9F1607B6","chunk_id":"cevnn4qf1c043","chunk_label":"functions"},{"row":41,"row_count":1,"visible":true,"expansion_state":0,"options":{"engine":"r","label":"classes"},"document_id":"9F1607B6","chunk_id":"cqrdgomad0mu9","chunk_label":"classes"},{"row":46,"row_count":1,"visible":true,"expansion_state":0,"options":{"engine":"r","label":"import"},"document_id":"9F1607B6","chunk_id":"ceiln7rlx6hvn","chunk_label":"import"},{"row":54,"row_count":1,"visible":true,"expansion_state":0,"options":{"engine":"r","label":"analysis","include":false},"document_id":"9F1607B6","chunk_id":"cjxhvlojtdcw9","chunk_label":"analysis"},{"row":71,"row_count":1,"visible":true,"expansion_state":0,"options":{"engine":"r","label":"plots","include":false},"document_id":"9F1607B6","chunk_id":"ckviwtf18drio","chunk_label":"plots"},{"row":144,"row_count":1,"visible":true,"expansion_state":0,"options":{"engine":"r","label":"wordcount"},"document_id":"6D6B1397","chunk_id":"crqm34cryqmec","chunk_label":"wordcount"}],"doc_write_time":1648124299,"working_dir":null,"default_chunk_options":{"echo":false,"warning":false,"message":false,"fig.retina":3.0}}