{"chunk_definitions":[{"row":17,"row_count":1,"visible":true,"expansion_state":0,"options":{"engine":"r","label":"setup","include":false},"document_id":"6D6B1397","chunk_id":"csetup_chunk","chunk_label":"setup"},{"row":22,"row_count":1,"visible":true,"expansion_state":0,"options":{"engine":"r","label":"packages"},"document_id":"9F1607B6","chunk_id":"ch6vyd7r3cf4k","chunk_label":"packages"},{"row":44,"row_count":1,"visible":true,"expansion_state":0,"options":{"engine":"r","label":"functions"},"document_id":"9F1607B6","chunk_id":"cpk444jszmumf","chunk_label":"functions"},{"row":48,"row_count":1,"visible":true,"expansion_state":0,"options":{"engine":"r","label":"classes"},"document_id":"6D6B1397","chunk_id":"cj74jd81m4h1a","chunk_label":"classes"},{"row":53,"row_count":1,"visible":true,"expansion_state":0,"options":{"engine":"r","label":"import"},"document_id":"9F1607B6","chunk_id":"cwtff0rw2ao6x","chunk_label":"import"},{"row":78,"row_count":1,"visible":true,"expansion_state":0,"options":{"engine":"r","label":"analysis","include":false},"document_id":"9F1607B6","chunk_id":"c9ilevns30vht","chunk_label":"analysis"},{"row":151,"row_count":1,"visible":true,"expansion_state":0,"options":{"engine":"r","label":"wordcount"},"document_id":"6D6B1397","chunk_id":"crqm34cryqmec","chunk_label":"wordcount"}],"doc_write_time":1647194461,"working_dir":null,"default_chunk_options":{"echo":false,"warning":false,"message":false,"fig.retina":3.0}}