{"chunk_definitions":[{"row":17,"row_count":1,"visible":true,"expansion_state":0,"options":{"engine":"r","label":"setup","include":false},"document_id":"6D6B1397","chunk_id":"csetup_chunk","chunk_label":"setup"},{"row":22,"row_count":1,"visible":true,"expansion_state":0,"options":{"engine":"r","label":"packages"},"document_id":"6D6B1397","chunk_id":"czd8w28bwuoly","chunk_label":"packages"},{"row":48,"row_count":1,"visible":true,"expansion_state":0,"options":{"engine":"r","label":"classes"},"document_id":"6D6B1397","chunk_id":"cj74jd81m4h1a","chunk_label":"classes"},{"row":151,"row_count":1,"visible":true,"expansion_state":0,"options":{"engine":"r","label":"wordcount"},"document_id":"6D6B1397","chunk_id":"crqm34cryqmec","chunk_label":"wordcount"}],"doc_write_time":1647194461}