{"working_dir":null,"default_chunk_options":{"echo":false,"warning":false,"message":false,"fig.retina":3.0},"chunk_definitions":[{"row":17,"row_count":1,"visible":true,"expansion_state":0,"options":{"engine":"r","label":"setup","include":false},"document_id":"6D6B1397","chunk_id":"csetup_chunk","chunk_label":"setup"},{"row":48,"row_count":1,"visible":true,"expansion_state":0,"options":{"engine":"r","label":"classes"},"document_id":"6D6B1397","chunk_id":"cffiqlq8o5h8o","chunk_label":"classes"}],"doc_write_time":1646942646}