{"chunk_definitions":[{"row":17,"row_count":1,"visible":true,"expansion_state":0,"options":{"engine":"r","label":"setup","include":false},"document_id":"6D6B1397","chunk_id":"csetup_chunk","chunk_label":"setup"},{"row":22,"row_count":1,"visible":true,"expansion_state":0,"options":{"engine":"r","label":"packages"},"document_id":"9F1607B6","chunk_id":"cidrhatayaoer","chunk_label":"packages"},{"row":44,"row_count":1,"visible":true,"expansion_state":0,"options":{"engine":"r","label":"functions"},"document_id":"9F1607B6","chunk_id":"cxqptvapdxwfd","chunk_label":"functions"},{"row":48,"row_count":1,"visible":true,"expansion_state":0,"options":{"engine":"r","label":"classes"},"document_id":"9F1607B6","chunk_id":"cowx0dqzwkg9d","chunk_label":"classes"},{"row":53,"row_count":1,"visible":true,"expansion_state":0,"options":{"engine":"r","label":"import"},"document_id":"9F1607B6","chunk_id":"co4pf3bgxdydi","chunk_label":"import"},{"row":151,"row_count":1,"visible":true,"expansion_state":0,"options":{"engine":"r","label":"wordcount"},"document_id":"6D6B1397","chunk_id":"crqm34cryqmec","chunk_label":"wordcount"}],"doc_write_time":1647194461,"working_dir":null,"default_chunk_options":{"echo":false,"warning":false,"message":false,"fig.retina":3.0}}